Track Number,Track Name,Artist Name(s),Year,Popularity,Genres,Danceability,Energy,Key,Loudness,Mode,Speechiness,Acousticness,Instrumentalness,Liveness,Valence,Tempo,Time Signature,Side (A/B),Subgenre / Style,DJ Energy (1–5),Groove,Mood,Vocals,Vocal Intensity (0–3),Intro,Outro,Mixability (1–5),Set Role,Tags,DJ Rating (1–5),DJ Notes,Funkiness (1–5),Heaviness (1–5),Psychedelia (1–5),Goes Well Into
1,Let's Funk Tonight,Blue Feather,1982,34,"post-disco,funk",0.732,0.727,9,-9.842,0,0.0642,0.734,0.0000132,0.377,0.78,118.578,4,,Boogie / Disco-funk,4,Four-on-the-floor / syncopated,Upbeat,Vocal,2,,,,Builder,synth; bass,,Initial subjective estimates from track/style knowledge; not auditioned or transition-tested. Verify your 7-inch edit.,5,2,1,Blue Feather — It's Love; Rick James — You And I [untested stylistic suggestions; check BPM]
2,It's Love,Blue Feather,1982,2,"post-disco,funk",0.547,0.823,2,-8.768,0,0.0832,0.594,0,0.197,0.867,119.105,4,,Boogie / Disco-funk,4,Four-on-the-floor / syncopated,Warm,Vocal,2,,,,Builder,synth; romance,,Initial subjective estimates from track/style knowledge; not auditioned or transition-tested. Verify your 7-inch edit.,4,1,1,
3,Brazilian Love Affair,George Duke,1979,33,"jazz funk,jazz fusion,smooth jazz,funk",0.623,0.654,5,-14.037,1,0.0399,0.0778,0.353,0.0823,0.87,128.031,4,,Brazilian jazz-funk,4,Percussive / syncopated,Sunny,Vocal,2,,,,Builder,Brazilian; percussion; keyboards,,Initial subjective estimates from track/style knowledge; not auditioned or transition-tested. Verify your 7-inch edit.,5,2,3,Azymuth — Jazz Carnival; Raul De Souza — Sweet Lucy [untested stylistic suggestions; check BPM]
4,Also sprach Zarathustra,Deodato,1972,31,"jazz funk,brazilian jazz,jazz fusion",0.583,0.534,5,-15.11,1,0.0391,0.304,0.591,0.108,0.583,101.078,4,,Jazz-funk / Fusion,4,Syncopated funk,Dramatic,Instrumental,0,Dramatic instrumental theme / build (verify edit),,,Builder,cinematic; electric piano; bass,,Initial subjective estimates from track/style knowledge; not auditioned or transition-tested. Verify your 7-inch edit.,5,3,4,Jackie McLean — Doctor Jackyll and Mister Funk; The Edgar Winter Group — Frankenstein [untested stylistic suggestions; check BPM]
5,Sultana,Titanic,1971,29,norsk rock,0.64,0.791,4,-7.806,0,0.0444,0.0667,0.84,0.0866,0.918,122.767,4,,Latin rock / Percussion rock,5,Percussive / syncopated,Exuberant,Instrumental,0,,,,Peak,organ; percussion; guitar,,Initial subjective estimates from track/style knowledge; not auditioned or transition-tested. Verify your 7-inch edit.,4,4,3,Chicago — I'm A Man; Brian Auger;Brian Auger & The Trinity — I Wanna Take You Higher [untested stylistic suggestions; check BPM]
6,Echoes And Rainbows,Black Swan,1971,0,,0.606,0.427,1,-15.379,0,0.0394,0.754,0.498,0.164,0.476,126.677,4,,,,,,,,,,,,,,Track not confidently identified; audition before tagging. Uncertain identity/version of Black Swan; leave profile unassigned.,,,,
7,It's A Gas,The Hombres,1967,5,garage rock,0.475,0.605,7,-15.367,1,0.0498,0.391,0.00000315,0.0427,0.718,155.131,4,,Garage rock,4,Straight rock / backbeat,Playful,Vocal,2,,,,Builder,garage; guitar,,Initial subjective estimates from track/style knowledge; not auditioned or transition-tested. Verify your 7-inch edit.,2,3,2,
8,Back Door,Rhinoceros,1970,2,"acid rock,garage rock,blues rock",0.626,0.71,5,-13.278,1,0.0843,0.499,0.0000502,0.229,0.731,111.246,4,,Blues-rock / Soul-rock,4,Syncopated funk,Gritty,Vocal,2,,,,Builder,organ; blues,,Initial subjective estimates from track/style knowledge; not auditioned or transition-tested. Verify your 7-inch edit.,4,3,3,
9,Stand By Me,Atomic Rooster,1972,10,"progressive rock,krautrock,acid rock,psychedelic rock",0.602,0.889,5,-8.726,0,0.0502,0.062,0.0000164,0.182,0.59,119.167,4,,Progressive soul-rock,4,Syncopated funk,Gritty,Vocal,2,,,,Builder,organ; guitar; soul,,Initial subjective estimates from track/style knowledge; not auditioned or transition-tested. Verify your 7-inch edit.,4,4,3,
10,Daisy Mae,Raul De Souza,1978,10,"brazilian jazz,latin jazz",0.666,0.784,10,-8.888,0,0.0397,0.0958,0.821,0.0526,0.841,129.511,4,,Jazz-funk,4,Syncopated funk,Bright,Instrumental,0,,,,Builder,trombone; bass,,Initial subjective estimates from track/style knowledge; not auditioned or transition-tested. Verify your 7-inch edit.,5,2,2,
11,I Believe in Music,Mass Production,1977,5,"post-disco,funk",0.651,0.808,7,-12.863,1,0.045,0.102,0.0862,0.0952,0.897,124.935,4,,Disco-funk,4,Four-on-the-floor / syncopated,Uplifting,Vocal,2,,,,Builder,horns; party,,Initial subjective estimates from track/style knowledge; not auditioned or transition-tested. Verify your 7-inch edit.,5,2,1,
12,Richmond Express,Titanic,1973,6,norsk rock,0.483,0.852,7,-6.777,1,0.0731,0.000232,0.081,0.145,0.362,155.855,4,,Hard rock / Progressive rock,4,Straight rock / backbeat,Driving,Vocal,2,,,,Builder,guitar; organ,,Initial subjective estimates from track/style knowledge; not auditioned or transition-tested. Verify your 7-inch edit.,3,4,3,
13,Sweet Lucy,Raul De Souza,1977,25,"brazilian jazz,latin jazz",0.717,0.84,10,-7.848,0,0.0604,0.00949,0.829,0.0744,0.663,141.765,4,,Jazz-funk,5,Syncopated funk,Exuberant,Instrumental,0,,,,Peak,trombone; bass,,Initial subjective estimates from track/style knowledge; not auditioned or transition-tested. Verify your 7-inch edit.,5,2,2,
14,Tarantula Walk,Ray Carless,1981,0,"jazz funk,lovers rock",0.851,0.85,1,-13.068,1,0.0646,0.0819,0.597,0.0924,0.773,122.029,4,,British jazz-funk,4,Syncopated funk,Slinky,Instrumental,0,,,,Builder,saxophone; bass,,Initial subjective estimates from track/style knowledge; not auditioned or transition-tested. Verify your 7-inch edit.,5,2,2,
15,Jazz Carnival,Azymuth,1979,33,"brazilian jazz,jazz funk,jazz fusion,acid jazz",0.55,0.861,2,-13.183,0,0.0414,0.0258,0.793,0.0852,0.775,133.944,4,,Brazilian jazz-funk / Fusion,5,Percussive / syncopated,Exuberant,Instrumental,0,,,,Peak,synth; keyboards; Brazilian,,Initial subjective estimates from track/style knowledge; not auditioned or transition-tested. Verify your 7-inch edit.,5,2,3,Raul De Souza — Sweet Lucy; Brass Construction — Ha Cha Cha (Funktion) [untested stylistic suggestions; check BPM]
16,Hey Big Brother - Single Version,Rare Earth,1971,33,motown,0.539,0.739,2,-10.899,1,0.066,0.181,0.00132,0.208,0.879,124.292,4,,Funk-rock / Psychedelic soul,4,Syncopated funk,Defiant,Vocal,3,,,,Builder,guitar; percussion,,Initial subjective estimates from track/style knowledge; not auditioned or transition-tested. Verify your 7-inch edit.,5,4,3,
17,Me And Baby Brother,War,1973,44,,0.783,0.762,2,-9.585,1,0.035,0.11,0.000832,0.102,0.898,113.856,4,,Funk / Latin funk,4,Percussive / syncopated,Streetwise,Vocal,2,,,,Builder,bass; horns; percussion,,Initial subjective estimates from track/style knowledge; not auditioned or transition-tested. Verify your 7-inch edit.,5,3,2,The Nite-Liters — K-Jee; Fatback Band — Yum Yum (Gimme Some) [untested stylistic suggestions; check BPM]
18,Big Blow,Manu Dibango,1976,25,"afrobeat,afropop",0.745,0.536,8,-14.556,0,0.0879,0.518,0.826,0.0427,0.759,126.1,4,,Afro-funk / Jazz-funk,4,Percussive / syncopated,Hypnotic,Mostly instrumental,1,,,,Builder,saxophone; percussion,,Initial subjective estimates from track/style knowledge; not auditioned or transition-tested. Verify your 7-inch edit.,5,2,3,Osibisa — Sunshine Day (Single Version); Tabou Combo — New York City [untested stylistic suggestions; check BPM]
19,Turn The Music Up!,The Player's Association,1979,35,"post-disco,disco,jazz funk",0.597,0.915,4,-11.531,0,0.0403,0.0929,0.54,0.117,0.752,115.484,4,,Disco / Jazz-funk,5,Four-on-the-floor / syncopated,Celebratory,Vocal,2,,,,Peak,horns; bass,,Initial subjective estimates from track/style knowledge; not auditioned or transition-tested. Verify your 7-inch edit.,5,2,1,A Taste Of Honey — Boogie Oogie Oogie; Tavares — Heaven Must Be Missing An Angel [untested stylistic suggestions; check BPM]
20,I Thought It Was You,Herbie Hancock,1978,40,"jazz,jazz fusion,jazz funk,hard bop,cool jazz",0.729,0.787,1,-11.38,1,0.047,0.394,0.0514,0.112,0.717,116.21,4,,Jazz-funk / Electronic funk,4,Syncopated funk,Futuristic,Vocoder,1,,,,Builder,vocoder; synth; keyboards,,Initial subjective estimates from track/style knowledge; not auditioned or transition-tested. Verify your 7-inch edit.,5,2,4,Funkadelic — One Nation Under a Groove; George Duke — Brazilian Love Affair [untested stylistic suggestions; check BPM]
21,Ungena Za Ulimwengu (Unite The World),The Temptations,1971,16,"motown,classic soul,soul",0.67,0.751,7,-9.528,0,0.0433,0.35,0.00000148,0.404,0.917,121.426,4,,Psychedelic soul / Funk,4,Syncopated funk,Urgent,Vocal,3,,,,Builder,political; percussion; group vocals,,Initial subjective estimates from track/style knowledge; not auditioned or transition-tested. Verify your 7-inch edit.,4,3,4,
22,Gimme Gimme Good Lovin',Crazy Elephant,1969,42,bubblegum pop,0.846,0.346,2,-13.791,1,0.0541,0.235,0.00381,0.113,0.746,137.642,4,,Garage pop / Bubblegum rock,4,Straight rock / backbeat,Playful,Vocal,2,,,,Builder,organ; singalong,,Initial subjective estimates from track/style knowledge; not auditioned or transition-tested. Verify your 7-inch edit.,3,3,1,
23,Kites,Simon Dupree & The Big Sound,1967,33,"baroque pop,acid rock,psychedelic rock",0.502,0.526,9,-9.679,0,0.0389,0.0389,0.000121,0.437,0.421,127.356,4,,Psychedelic pop / Baroque pop,2,Straight rock / backbeat,Dreamy,Vocal,2,Atmospheric instrumental textures (verify edit),,,Warm-up / Reset,exotic textures; atmospheric,,Initial subjective estimates from track/style knowledge; not auditioned or transition-tested. Verify your 7-inch edit.,1,1,5,The Lemon Pipers — Green Tambourine; Steely Dan — Do It Again [untested stylistic suggestions; check BPM]
24,The House Of The Rising Sun,Frijid Pink,1970,32,"acid rock,psychedelic rock,blues rock",0.297,0.594,2,-13.663,1,0.0564,0.484,0.00701,0.631,0.213,114.392,4,,Heavy psychedelic blues-rock,4,Straight rock / backbeat,Dark,Vocal,2,,,,Builder,fuzz guitar; blues,,Initial subjective estimates from track/style knowledge; not auditioned or transition-tested. Verify your 7-inch edit.,2,5,4,Ram Jam — Black Betty; The Edgar Winter Group — Frankenstein [untested stylistic suggestions; check BPM]
25,Bull City Party,N.C.C.U,1977,0,,,,,,,,,,,,,,,Funk / Disco-funk,4,Four-on-the-floor / syncopated,Party,,,,,,Builder,party; funk,,Initial subjective estimates from track/style knowledge; not auditioned or transition-tested. Verify your 7-inch edit. Style estimate. Release reference: https://www.bullcitysoul.org/n.c.c.u.html,5,2,1,
26,Sioux Eyed Lady,Sammy,1972,0,,,,,,,,,,,,,,,,,,,,,,,,,,,Track not confidently identified; audition before tagging.,,,,
27,Testifyin' Time,Bunky Green,1965,0,,,,,,,,,,,,,,,Soul-jazz / Jazz-funk,3,Syncopated funk,Earthy,Instrumental,0,,,,Warm-up / Builder,saxophone; jazz,,Initial subjective estimates from track/style knowledge; not auditioned or transition-tested. Verify your 7-inch edit.,4,2,2,
28,Groove Along,Black Velvet,1973,0,,,,,,,,,,,,,,,,,,,,,,,,,,,Track not confidently identified; audition before tagging. Release reference: https://www.45cat.com/artist/black-velvet . Multiple pressings use different sides; profile unassigned.,,,,
29,White Lady,Badger,1974,0,,,,,,,,,,,,,,,Soul-rock / Funk-rock,3,Syncopated funk,Soulful,Vocal,2,,,,Warm-up / Builder,organ; soul,,Initial subjective estimates from track/style knowledge; not auditioned or transition-tested. Verify your 7-inch edit.,4,3,2,
30,Doctor Jackyll and Mister Funk,Jackie McLean,1979,0,,,,,,,,,,,,,,,Jazz-funk,4,Syncopated funk,Slinky,Instrumental,0,,,,Builder,saxophone; fusion,,Initial subjective estimates from track/style knowledge; not auditioned or transition-tested. Verify your 7-inch edit.,5,2,3,
31,New York City,Tabou Combo,1974,28,"kompa,zouk,calypso",0.575,0.859,11,-11.522,0,0.0821,0.027,0,0.0738,0.808,120.116,4,,Kompa / Caribbean dance,5,Percussive / syncopated,Celebratory,Vocal,2,,,,Peak,Haitian; percussion; horns,,Initial subjective estimates from track/style knowledge; not auditioned or transition-tested. Verify your 7-inch edit.,4,2,2,
32,K-Jee,The Nite-Liters,1971,23,"northern soul,jazz funk",0.817,0.628,1,-7.971,1,0.0453,0.502,0.48,0.0264,0.966,120.483,4,,Instrumental funk,4,Syncopated funk,Punchy,Instrumental,0,,,,Builder,horns; drums,,Initial subjective estimates from track/style knowledge; not auditioned or transition-tested. Verify your 7-inch edit.,5,3,1,War — Me And Baby Brother; Willie Henderson — Gangster Boogie Bump [untested stylistic suggestions; check BPM]
33,La Spank,Le Pamplemouse,1977,11,post-disco,0.798,0.626,9,-7.489,1,0.0282,0.0516,0.238,0.026,0.785,102.731,4,,Disco-funk,4,Four-on-the-floor / syncopated,Playful,Vocal,2,,,,Builder,bass; disco,,Initial subjective estimates from track/style knowledge; not auditioned or transition-tested. Verify your 7-inch edit. Check spelling and recording: source says Le Pamplemouse / La Spank; may refer to Le Pamplemousse / Le Spank.,5,2,1,
34,Explosion in Your Soul,The Soul Survivors,1967,5,"philly soul,motown",0.514,0.694,9,-10.652,0,0.0481,0.675,0,0.516,0.736,110.928,4,,Soul / Funk,4,Syncopated funk,Punchy,Vocal,2,,,,Builder,horns; soul,,Initial subjective estimates from track/style knowledge; not auditioned or transition-tested. Verify your 7-inch edit.,4,3,2,
35,I Wanna Take You Higher,Brian Auger;Brian Auger & The Trinity,1970,6,"jazz funk,acid rock",0.611,0.874,4,-9.67,0,0.0336,0.0102,0.00611,0.139,0.769,106.876,4,,Funk-rock / Organ soul,5,Syncopated funk,Exuberant,Vocal,3,,,,Peak,organ; cover; soul,,Initial subjective estimates from track/style knowledge; not auditioned or transition-tested. Verify your 7-inch edit.,5,4,3,Rare Earth — Hey Big Brother - Single Version; Chicago — I'm A Man [untested stylistic suggestions; check BPM]
36,Shakey Ground,The Temptations,1975,36,"motown,classic soul,soul",0.748,0.493,2,-13.448,1,0.0429,0.0209,0.454,0.0381,0.935,92.337,4,,Funk / Soul,4,Syncopated funk,Gritty,Vocal,2,,,,Builder,bass; guitar,,Initial subjective estimates from track/style knowledge; not auditioned or transition-tested. Verify your 7-inch edit.,5,3,1,The Temptations — Let Your Hair Down; The Jimmy Castor Bunch — Bertha Butt Boogie [untested stylistic suggestions; check BPM]
37,I'm A Bachelor,The Temptations,1975,8,"motown,classic soul,soul",0.509,0.555,7,-13.32,0,0.0367,0.505,0.0000423,0.254,0.648,152.493,4,,Soul / Funk,3,Syncopated funk,Playful,Vocal,2,,,,Warm-up / Builder,group vocals,,Initial subjective estimates from track/style knowledge; not auditioned or transition-tested. Verify your 7-inch edit.,4,2,1,
38,7-6-5-4-3-2-1 (Blow Your Whistle),The Rimshots,1976,8,northern soul,0.792,0.807,0,-8.528,1,0.0297,0.0454,0.00024,0.0453,0.97,117.652,4,,Disco-funk,4,Four-on-the-floor / syncopated,Party,Vocal,2,,,,Builder,whistle; chant; percussion,,Initial subjective estimates from track/style knowledge; not auditioned or transition-tested. Verify your 7-inch edit.,5,2,1,
39,Get Down,Gene Chandler,1978,28,"doo-wop,northern soul",0.782,0.476,7,-15.511,1,0.0699,0.111,0.00079,0.0942,0.853,115.226,4,,Disco / Soul,4,Four-on-the-floor / syncopated,Smooth,Vocal,2,,,,Builder,strings; bass,,Initial subjective estimates from track/style knowledge; not auditioned or transition-tested. Verify your 7-inch edit.,4,1,1,
40,Bertha Butt Boogie,The Jimmy Castor Bunch,1974,25,"funk,breakbeat",0.838,0.573,0,-13.675,0,0.0499,0.0572,0.00174,0.098,0.917,98.73,4,,Funk / Novelty funk,4,Syncopated funk,Playful,Spoken / sung,2,,,,Builder,storytelling; bass; breakbeat,,Initial subjective estimates from track/style knowledge; not auditioned or transition-tested. Verify your 7-inch edit.,5,3,2,Fatback Band — Yum Yum (Gimme Some); Lunar Funk — Mr Penguin [untested stylistic suggestions; check BPM]
41,Disco Lady,Johnnie Taylor,1976,44,"blues,soul blues,zydeco,footwork,classic soul,soul",0.719,0.79,2,-8.002,1,0.0521,0.0568,0,0.0573,0.846,103.751,4,,Soul / Disco-funk,4,Four-on-the-floor / syncopated,Sultry,Vocal,2,,,,Builder,bass; soul,,Initial subjective estimates from track/style knowledge; not auditioned or transition-tested. Verify your 7-inch edit.,5,2,1,
42,Somebody's Gettin' It,Johnnie Taylor,1976,16,"blues,soul blues,zydeco,footwork,classic soul,soul",0.639,0.696,8,-10.707,0,0.0569,0.103,0,0.33,0.744,87.912,4,,Soul / Funk,3,Syncopated funk,Sultry,Vocal,2,,,,Warm-up / Builder,soul; bass,,Initial subjective estimates from track/style knowledge; not auditioned or transition-tested. Verify your 7-inch edit.,4,2,1,
43,"Jam, Jam, Jam (All Night Long)",People's Choice,1976,28,"philly soul,disco,post-disco",0.756,0.739,0,-6.191,0,0.0401,0.0359,0.00517,0.204,0.899,119.045,4,,Disco-funk,4,Four-on-the-floor / syncopated,Party,Vocal,2,,,,Builder,bass; guitar,,Initial subjective estimates from track/style knowledge; not auditioned or transition-tested. Verify your 7-inch edit.,5,2,1,
44,Disco Stomp,Bohannon,1975,28,"disco,post-disco",0.874,0.789,5,-8.732,1,0.0538,0.432,0.349,0.0815,0.941,104.881,4,,Disco / Percussive funk,4,Four-on-the-floor / syncopated,Hypnotic,Chants,1,,,,Builder,repetition; percussion,,Initial subjective estimates from track/style knowledge; not auditioned or transition-tested. Verify your 7-inch edit.,5,3,2,"The Rimshots — 7-6-5-4-3-2-1 (Blow Your Whistle); People's Choice — Jam, Jam, Jam (All Night Long) [untested stylistic suggestions; check BPM]"
45,"Four Piece Funky, Nitty Gritty Junky Band - Alternate Version",Bobby Freeman,1969,0,"doo-wop,rockabilly",0.616,0.554,1,-8.872,1,0.0956,0.624,0,0.157,0.734,154.324,4,,Soul / Funk,4,Syncopated funk,Playful,Vocal,2,,,,Builder,funk; soul,,Initial subjective estimates from track/style knowledge; not auditioned or transition-tested. Verify your 7-inch edit. Spotify identifies an alternate version; compare with your 7-inch.,4,3,1,
46,Body English,King Floyd,1977,16,"classic soul,motown",0.764,0.796,8,-10.699,1,0.0518,0.49,0.00492,0.107,0.775,117.842,4,,Southern soul / Funk,4,Syncopated funk,Cheeky,Vocal,2,,,,Builder,bass; soul,,Initial subjective estimates from track/style knowledge; not auditioned or transition-tested. Verify your 7-inch edit.,5,2,1,
47,Gypsy Man,War,1973,31,,0.523,0.688,9,-8.442,0,0.0557,0.00511,0.195,0.259,0.778,126.921,4,,Latin funk / Psychedelic soul,4,Percussive / syncopated,Hypnotic,Vocal,2,,,,Builder,flute; percussion; jam,,Initial subjective estimates from track/style knowledge; not auditioned or transition-tested. Verify your 7-inch edit.,5,3,4,Funkadelic — One Nation Under a Groove; Manu Dibango — Big Blow [untested stylistic suggestions; check BPM]
48,Yum Yum (Gimme Some),Fatback Band,1975,40,"funk,post-disco,jazz funk",0.798,0.758,6,-13.819,0,0.0907,0.00991,0.00113,0.0897,0.962,108.905,4,,Funk / Disco-funk,4,Four-on-the-floor / syncopated,Playful,Vocal,2,,,,Builder,bass; horns,,Initial subjective estimates from track/style knowledge; not auditioned or transition-tested. Verify your 7-inch edit.,5,3,1,
49,Ha Cha Cha (Funktion),Brass Construction,1976,17,"funk,post-disco,acid jazz,jazz funk",0.595,0.819,9,-4.064,0,0.0307,0.000279,0.475,0.208,0.749,127.058,4,,Disco-funk,5,Four-on-the-floor / syncopated,Driving,Chants,1,,,,Peak,horns; bass; repetition,,Initial subjective estimates from track/style knowledge; not auditioned or transition-tested. Verify your 7-inch edit.,5,3,2,
50,Green Tambourine,The Lemon Pipers,1968,47,"psychedelic rock,bubblegum pop,acid rock,baroque pop",0.509,0.627,7,-7.392,1,0.0284,0.321,0.00254,0.24,0.423,111.006,4,,Psychedelic pop,3,Straight rock / backbeat,Sunny,Vocal,2,Instrumental psychedelic motif (verify edit),,,Warm-up / Builder,tambourine; sitar-like texture,,Initial subjective estimates from track/style knowledge; not auditioned or transition-tested. Verify your 7-inch edit.,2,1,4,
51,Do Your Thing,Isaac Hayes,1971,29,"soul,classic soul,funk",0.661,0.484,5,-11.136,0,0.0431,0.0114,0.338,0.106,0.871,151.389,4,,Deep funk / Psychedelic soul,4,Syncopated funk,Sultry,Vocal,2,,,,Builder,guitar; extended jam,,"Initial subjective estimates from track/style knowledge; not auditioned or transition-tested. Verify your 7-inch edit. Album performance and 7-inch edits differ greatly; verify intro, duration and ending.",5,4,4,Abaco Dream — Life And Death In G & A; Deodato — Also sprach Zarathustra [untested stylistic suggestions; check BPM]
52,Hit Me with Your Rhythm Stick,Ian Dury;The Blockheads,1979,52,new wave,0.715,0.857,5,-7.848,0,0.0364,0.0694,0.00198,0.125,0.882,104.316,4,,New wave / Funk,4,Syncopated funk,Cheeky,Vocal,2,Bass-led instrumental groove (verify edit),,,Builder,bass; saxophone; spoken delivery,,Initial subjective estimates from track/style knowledge; not auditioned or transition-tested. Verify your 7-inch edit.,5,3,2,The Temptations — Shakey Ground; Funkadelic — One Nation Under a Groove [untested stylistic suggestions; check BPM]
53,One In Ten,UB40,1981,50,reggae,0.853,0.767,9,-6.787,0,0.0439,0.0397,0.0000174,0.0849,0.875,126.698,4,,Reggae,3,Offbeat / skank,Reflective,Vocal,2,,,,Warm-up / Builder,offbeat; political; bass,,Initial subjective estimates from track/style knowledge; not auditioned or transition-tested. Verify your 7-inch edit.,3,2,2,UB40 — Present Arms In Dub; War — Why Can't We Be Friends [untested stylistic suggestions; check BPM]
54,Present Arms In Dub,UB40,1981,20,reggae,0.641,0.56,10,-14.998,0,0.0799,0.0279,0.88,0.387,0.741,130.028,4,,Dub,2,Offbeat / skank,Spacious,Mostly instrumental,1,,,,Warm-up / Reset,echo; reverb; bass,,Initial subjective estimates from track/style knowledge; not auditioned or transition-tested. Verify your 7-inch edit.,3,2,5,UB40 — One In Ten [untested stylistic suggestions; check BPM]
55,5-4-3-2-1,Manfred Mann,1963,33,,0.634,0.745,10,-7.026,1,0.0423,0.253,0.000275,0.0771,0.954,113.4,4,,British R&B / Beat,4,Straight rock / backbeat,Playful,Vocal,2,,,,Builder,harmonica; chant,,Initial subjective estimates from track/style knowledge; not auditioned or transition-tested. Verify your 7-inch edit.,3,2,1,
56,Wooly Bully,Sam The Sham & The Pharaohs,1965,58,,0.532,0.699,7,-9.378,1,0.0535,0.599,0.0000021,0.275,0.504,139.94,4,,Garage rock / Tex-Mex R&B,4,Straight rock / backbeat,Rowdy,Vocal,2,Organ-led riff (verify edit),,,Builder,organ; saxophone,,Initial subjective estimates from track/style knowledge; not auditioned or transition-tested. Verify your 7-inch edit.,3,3,1,
57,It Only Takes A Minute,Tavares,1975,47,"disco,philly soul",0.642,0.664,5,-8.087,0,0.0334,0.104,0.102,0.658,0.963,122.598,4,,Disco / Soul,4,Four-on-the-floor / syncopated,Urgent,Vocal,2,,,,Builder,group vocals; strings,,Initial subjective estimates from track/style knowledge; not auditioned or transition-tested. Verify your 7-inch edit.,4,2,1,
58,Lorraine,Bad Manners,1980,40,"ska,rocksteady,ska punk",0.684,0.718,9,-9.134,1,0.203,0.0658,0.0124,0.0763,0.892,80.668,4,,Ska / 2 tone,4,Offbeat / skank,Playful,Vocal,2,,,,Builder,offbeat; brass,,Initial subjective estimates from track/style knowledge; not auditioned or transition-tested. Verify your 7-inch edit.,3,2,1,
59,I'm A Man,Chicago,1969,8,"yacht rock,soft rock",0.464,0.78,7,-10,0,0.0624,0.0436,0.637,0.132,0.679,133.594,4,,Latin rock / Jazz-rock,5,Percussive / syncopated,Driving,Vocal,2,,,,Peak,percussion; guitar; organ,,Initial subjective estimates from track/style knowledge; not auditioned or transition-tested. Verify your 7-inch edit.,5,4,3,Titanic — Sultana; Brian Auger;Brian Auger & The Trinity — I Wanna Take You Higher [untested stylistic suggestions; check BPM]
60,Ain't Too Proud To Beg,The Temptations,1966,66,"motown,classic soul,soul",0.763,0.655,0,-6.86,1,0.0417,0.552,0,0.125,0.925,118.397,4,,Motown / Soul,4,Syncopated funk,Urgent,Vocal,3,Immediate vocal entrance (verify edit),,,Builder,tambourine; horns; group vocals,,Initial subjective estimates from track/style knowledge; not auditioned or transition-tested. Verify your 7-inch edit.,4,2,1,
61,Ball Of Confusion (That's What The World Is Today) - Single Version,The Temptations,1970,34,"motown,classic soul,soul",0.527,0.732,5,-8.11,1,0.0955,0.252,0,0.0739,0.845,78.509,4,,Psychedelic soul / Funk,5,Syncopated funk,Urgent,Vocal,3,,,,Peak,political; bass; horns,,Initial subjective estimates from track/style knowledge; not auditioned or transition-tested. Verify your 7-inch edit.,5,4,4,Rare Earth — Hey Big Brother - Single Version; Funkadelic — One Nation Under a Groove [untested stylistic suggestions; check BPM]
62,Frankenstein,The Edgar Winter Group,1972,46,classic rock,0.628,0.669,2,-14.636,0,0.0932,0.0901,0.898,0.237,0.5,96.152,4,,Instrumental hard rock / Fusion,5,Straight rock / backbeat,Explosive,Instrumental,0,,,,Peak,synth; saxophone; drums,,Initial subjective estimates from track/style knowledge; not auditioned or transition-tested. Verify your 7-inch edit.,4,5,4,
63,Do It Again,Steely Dan,1972,78,"yacht rock,classic rock",0.655,0.431,2,-15.18,0,0.032,0.343,0.0000095,0.0711,0.941,124.588,4,,Latin rock / Jazz-rock,3,Percussive / syncopated,Hypnotic,Vocal,2,Percussion-led instrumental groove (verify edit),,,Warm-up / Builder,percussion; electric sitar; keyboards,,Initial subjective estimates from track/style knowledge; not auditioned or transition-tested. Verify your 7-inch edit.,4,2,3,
64,Fire In The Hole,Steely Dan,1972,55,"yacht rock,classic rock",0.557,0.306,3,-20.013,1,0.0339,0.585,0.000377,0.054,0.474,73.143,4,,Jazz-rock,2,Loose / syncopated,Moody,Vocal,2,,,,Warm-up / Reset,piano; jazz harmony,,Initial subjective estimates from track/style knowledge; not auditioned or transition-tested. Verify your 7-inch edit.,3,2,2,
65,One Nation Under a Groove,Funkadelic,1978,36,"funk,funk rock,psychedelic rock",0.789,0.658,4,-12.654,0,0.043,0.233,0.000492,0.184,0.833,122.415,4,,P-funk / Psychedelic funk,4,Syncopated funk,Uplifting,Vocal,2,,,,Builder,synth; bass; group vocals,,Initial subjective estimates from track/style knowledge; not auditioned or transition-tested. Verify your 7-inch edit.,5,3,4,Rick James — You And I; Herbie Hancock — I Thought It Was You [untested stylistic suggestions; check BPM]
66,The Cisco Kid,War,1976,54,,0.849,0.843,9,-7.154,0,0.105,0.209,0.00292,0.0309,0.963,141.926,4,,Latin funk,4,Percussive / syncopated,Laid-back,Vocal,2,,,,Builder,percussion; guitar; storytelling,,Initial subjective estimates from track/style knowledge; not auditioned or transition-tested. Verify your 7-inch edit.,5,2,3,
67,Boogie Oogie Oogie,A Taste Of Honey,1978,65,"disco,boogie,post-disco",0.797,0.548,2,-9.228,0,0.0492,0.0401,0.0000105,0.0994,0.868,123.686,4,,Disco-funk,5,Four-on-the-floor / syncopated,Celebratory,Vocal,2,,,,Peak,bass; guitar; dancefloor,,Initial subjective estimates from track/style knowledge; not auditioned or transition-tested. Verify your 7-inch edit.,5,2,1,KC & The Sunshine Band — Get Down Tonight; The Player's Association — Turn The Music Up! [untested stylistic suggestions; check BPM]
68,I'm Every Woman,Chaka Khan,1978,74,,0.603,0.886,0,-7.301,0,0.0465,0.0418,0.000171,0.295,0.727,114.045,4,,Disco / Soul,5,Four-on-the-floor / syncopated,Empowering,Vocal,3,,,,Peak,strings; diva vocal,,Initial subjective estimates from track/style knowledge; not auditioned or transition-tested. Verify your 7-inch edit.,4,2,1,LaBelle — Lady Marmalade; Tavares — Heaven Must Be Missing An Angel [untested stylistic suggestions; check BPM]
69,You And I,Rick James,1978,48,"funk,motown",0.782,0.874,8,-6.651,0,0.0759,0.297,0.00327,0.572,0.826,119.378,4,,P-funk / Disco-funk,5,Four-on-the-floor / syncopated,Party,Vocal,2,,,,Peak,bass; synth,,Initial subjective estimates from track/style knowledge; not auditioned or transition-tested. Verify your 7-inch edit.,5,3,2,
70,Black Betty,Ram Jam,1977,78,southern rock,0.465,0.907,11,-6.404,0,0.113,0.0241,0.00118,0.13,0.681,117.293,4,,Hard rock / Southern rock,5,Straight rock / backbeat,Rowdy,Vocal,2,Guitar riff / vocal chant (verify edit),,,Peak,guitar riff; chant; tempo changes,,Initial subjective estimates from track/style knowledge; not auditioned or transition-tested. Verify your 7-inch edit. Structure includes changes/breaks; avoid assuming a constant beat throughout.,3,5,2,Thin Lizzy — The Boys Are Back In Town; Frijid Pink — The House Of The Rising Sun [untested stylistic suggestions; check BPM]
71,Tanga Boo Gonk,The Nite Liters ,1971,0,,,,,,,,,,,,,,,Instrumental funk,4,Syncopated funk,Earthy,Instrumental,0,,,,Builder,horns; percussion,,Initial subjective estimates from track/style knowledge; not auditioned or transition-tested. Verify your 7-inch edit.,5,3,2,
72,"Monkey See, Monkey Do",Le Pamplemousse,1977,0,,,,,,,,,,,,,,,Disco-funk,4,Four-on-the-floor / syncopated,Playful,,,,,,Builder,disco; funk,,Initial subjective estimates from track/style knowledge; not auditioned or transition-tested. Verify your 7-inch edit.,4,2,1,
73,Mr Penguin,Lunar Funk,1972,0,,,,,,,,,,,,,,,Instrumental funk,4,Syncopated funk,Playful,Mostly instrumental,1,,,,Builder,drums; bass,,Initial subjective estimates from track/style knowledge; not auditioned or transition-tested. Verify your 7-inch edit.,5,3,2,
74,Gangster Boogie Bump,Willie Henderson,1974,0,,,,,,,,,,,,,,,Funk,4,Syncopated funk,Gritty,,,,,,Builder,horns; bass,,Initial subjective estimates from track/style knowledge; not auditioned or transition-tested. Verify your 7-inch edit.,5,3,1,
75,Life And Death In G & A,Abaco Dream,1969,0,,,,,,,,,,,,,,,Psychedelic funk / Funk-rock,4,Syncopated funk,Gritty,Vocal,2,,,,Builder,guitar; psych,,Initial subjective estimates from track/style knowledge; not auditioned or transition-tested. Verify your 7-inch edit.,5,4,4,Isaac Hayes — Do Your Thing; Brian Auger;Brian Auger & The Trinity — I Wanna Take You Higher [untested stylistic suggestions; check BPM]
76,Cochise,Paul Humphrey,1975,0,,,,,,,,,,,,,,,Instrumental funk / Soul-jazz,4,Syncopated funk,Punchy,Instrumental,0,,,,Builder,drums; organ,,Initial subjective estimates from track/style knowledge; not auditioned or transition-tested. Verify your 7-inch edit.,5,3,2,
77,Holdin' On,Tony Rallo & The Midnite Band,1979,0,,,,,,,,,,,,,,,Disco,4,Four-on-the-floor / syncopated,Uplifting,,,,,,Builder,disco; dancefloor,,Initial subjective estimates from track/style knowledge; not auditioned or transition-tested. Verify your 7-inch edit.,4,2,1,
78,The Boys Are Back In Town,Thin Lizzy,1976,72,"classic rock,hard rock",0.445,0.706,8,-9.803,1,0.0461,0.234,0.000252,0.205,0.768,80.823,4,,Hard rock,5,Straight rock / backbeat,Triumphant,Vocal,3,Guitar-led instrumental riff (verify edit),,,Peak,twin guitar; singalong,,Initial subjective estimates from track/style knowledge; not auditioned or transition-tested. Verify your 7-inch edit.,2,4,1,
79,Why Can't We Be Friends,War,1975,67,,0.776,0.68,10,-10.088,1,0.0389,0.179,0,0.483,0.962,92.481,4,,Reggae-influenced soul / Pop,3,Offbeat / skank,Friendly,Vocal,2,,,,Warm-up / Builder,singalong; offbeat,,Initial subjective estimates from track/style knowledge; not auditioned or transition-tested. Verify your 7-inch edit.,3,1,1,
80,Party Is a Groovy Thing,People's Choice,1975,30,"philly soul,disco,post-disco",0.699,0.692,7,-8.063,0,0.0707,0.0179,0,0.64,0.949,120.467,4,,Disco-funk,4,Four-on-the-floor / syncopated,Party,Vocal,2,,,,Builder,bass; guitar,,Initial subjective estimates from track/style knowledge; not auditioned or transition-tested. Verify your 7-inch edit.,5,2,1,
81,Heaven Must Be Missing An Angel,Tavares,1976,59,"disco,philly soul",0.605,0.881,9,-4.891,0,0.0462,0.0266,0.00000328,0.81,0.965,117.178,4,,Disco / Soul,5,Four-on-the-floor / syncopated,Euphoric,Vocal,3,,,,Peak,strings; group vocals,,Initial subjective estimates from track/style knowledge; not auditioned or transition-tested. Verify your 7-inch edit.,4,1,1,Chaka Khan — I'm Every Woman; A Taste Of Honey — Boogie Oogie Oogie [untested stylistic suggestions; check BPM]
82,Let's Go Party,KC & The Sunshine Band,1976,22,disco,0.834,0.81,10,-7.595,0,0.1,0.436,0.0000071,0.0722,0.891,106.928,4,,Disco-funk,4,Four-on-the-floor / syncopated,Party,Vocal,2,,,,Builder,horns; dancefloor,,Initial subjective estimates from track/style knowledge; not auditioned or transition-tested. Verify your 7-inch edit.,4,2,1,
83,So Strange,The Boomtown Rats,1978,2,new wave,0.415,0.933,9,-3.763,1,0.147,0.0939,0.00000192,0.342,0.61,157.915,4,,New wave / Rock,4,Straight rock / backbeat,Edgy,Vocal,2,,,,Builder,guitar; new wave,,Initial subjective estimates from track/style knowledge; not auditioned or transition-tested. Verify your 7-inch edit.,2,3,2,
84,Who Loves You,Frankie Valli & The Four Seasons,1975,45,"northern soul,doo-wop,motown",0.693,0.727,9,-9.643,1,0.0543,0.0437,0.00000463,0.142,0.917,137.525,4,,Disco-pop / Soul,4,Four-on-the-floor / syncopated,Uplifting,Vocal,2,,,,Builder,falsetto; harmonies,,Initial subjective estimates from track/style knowledge; not auditioned or transition-tested. Verify your 7-inch edit.,3,1,1,
85,Get Down Tonight,KC & The Sunshine Band,1975,49,disco,0.663,0.853,10,-8.164,1,0.0348,0.0725,0.00562,0.374,0.872,113.022,4,,Disco-funk,5,Four-on-the-floor / syncopated,Party,Vocal,2,High guitar motif / instrumental groove (verify edit),,,Peak,guitar; horns; singalong,,Initial subjective estimates from track/style knowledge; not auditioned or transition-tested. Verify your 7-inch edit.,5,2,1,A Taste Of Honey — Boogie Oogie Oogie; KC & The Sunshine Band — Let's Go Party [untested stylistic suggestions; check BPM]
86,Lady Marmalade,LaBelle,1974,58,"disco,philly soul",0.631,0.563,2,-12.135,0,0.0552,0.398,0,0.0733,0.947,117.963,4,,Funk / Soul,5,Syncopated funk,Sultry,Vocal,3,,,,Peak,powerful vocal; horns,,Initial subjective estimates from track/style knowledge; not auditioned or transition-tested. Verify your 7-inch edit.,5,3,1,
87,Let Your Hair Down,The Temptations,1973,17,"motown,classic soul,soul",0.772,0.94,8,-6.624,1,0.0595,0.0639,0.000306,0.0578,0.936,93.11,4,,Psychedelic soul / Funk,4,Syncopated funk,Gritty,Vocal,2,,,,Builder,bass; group vocals,,Initial subjective estimates from track/style knowledge; not auditioned or transition-tested. Verify your 7-inch edit.,5,3,3,
88,You Don't Know,KC & The Sunshine Band,1974,10,disco,0.718,0.786,6,-7.065,1,0.0301,0.326,0.000654,0.102,0.555,95.186,4,,Disco-funk,3,Four-on-the-floor / syncopated,Smooth,Vocal,2,,,,Warm-up / Builder,bass; guitar,,Initial subjective estimates from track/style knowledge; not auditioned or transition-tested. Verify your 7-inch edit.,4,2,1,
89,Sweet Dreams (Are Made of This) - 2005 Remaster,Eurythmics;Annie Lennox;Dave Stewart,1983,87,"new wave,synthpop",0.692,0.711,0,-7.498,0,0.0317,0.225,0,0.12,0.875,125.135,4,,Synth-pop / New wave,4,Straight rock / backbeat,Cool,Vocal,2,Synth sequencer / electronic beat (verify edit),,,Builder,synth; electronic drums,,Initial subjective estimates from track/style knowledge; not auditioned or transition-tested. Verify your 7-inch edit.,3,3,3,Herbie Hancock — I Thought It Was You; Funkadelic — One Nation Under a Groove [untested stylistic suggestions; check BPM]
90,Sixty Minute Man,The Trammps,1975,14,"disco,philly soul,northern soul",0.468,0.783,6,-11.268,1,0.0629,0.258,0.333,0.0756,0.779,192.019,4,,Disco / Soul,4,Four-on-the-floor / syncopated,Playful,Vocal,2,,,,Builder,doo-wop cover; group vocals,,Initial subjective estimates from track/style knowledge; not auditioned or transition-tested. Verify your 7-inch edit. Spotify Tempo is 192.019: check whether approximately 96 BPM is the useful counting grid.,4,2,1,
91,A Fifth of Beethoven,Walter Murphy & The Big Apple Band,1976,19,,0.652,0.642,10,-8.144,1,0.0453,0.737,0.832,0.113,0.826,108.686,4,,Orchestral disco,4,Straight rock / backbeat,Playful,Instrumental,0,Orchestral Beethoven motif (verify edit),,,Builder,classical crossover; strings,,Initial subjective estimates from track/style knowledge; not auditioned or transition-tested. Verify your 7-inch edit.,4,2,2,"Andrea True Connection — More, More, More; Le Pamplemouse — La Spank [untested stylistic suggestions; check BPM]"
92,"More, More, More",Andrea True Connection,1976,54,disco,0.719,0.647,9,-11.639,0,0.0298,0.00368,0.0482,0.107,0.88,103.113,4,,Disco,4,Four-on-the-floor / syncopated,Sultry,Vocal,2,,,,Builder,strings; bass,,Initial subjective estimates from track/style knowledge; not auditioned or transition-tested. Verify your 7-inch edit.,4,1,1,
93,Sunshine Day (Single Version),Osibisa,1975,11,"highlife,afrobeat,afropop,hiplife",0.793,0.693,0,-8.404,1,0.0331,0.0951,0.0000208,0.0543,0.964,118.874,4,,Afro-pop / Afro-funk,4,Percussive / syncopated,Sunny,Vocal,2,,,,Builder,percussion; horns; singalong,,Initial subjective estimates from track/style knowledge; not auditioned or transition-tested. Verify your 7-inch edit.,4,2,2,Manu Dibango — Big Blow; Tabou Combo — New York City [untested stylistic suggestions; check BPM]
94,Kung Fu Man,Ultrafunk,1974,2,,0.651,0.877,10,-7.647,1,0.0347,0.0022,0.000851,0.132,0.878,121.18,4,,Novelty funk / Disco-funk,4,Four-on-the-floor / syncopated,Playful,Spoken / sung,2,,,,Builder,kung fu; horns,,Initial subjective estimates from track/style knowledge; not auditioned or transition-tested. Verify your 7-inch edit.,5,3,2,
95,Why Love,James & Bobby Purify,1974,0,,,,,,,,,,,,,,,,,,,,,,,,,,,Track not confidently identified; audition before tagging.,,,,
